<?xml version="1.0"?><licenseAttachment ver="1.0">  <entitlements>    <entitlement id="AdvDevDemo2024Sep30">      <owner name="Wonderware Internal Consigment Site" siteID="169734" />      <activations>        <activation id="S8XM-CLSJ-4ED0-TMZM">          <partNumber>AdvStd-46-P-231</partNumber>          <catalogName>AVEVA AdvDev Studio 2023 R2 Unlim, 30day Demo Consign, Flex</catalogName>          <serialNumber>T24081401-0</serialNumber>          <quantity>1</quantity>        </activation>        </activations>    </entitlement>  </entitlements></licenseAttachment>